{"save_path": "results/sst/latent_30pct", "resume_snapshot": "", "num_iterations": -25, "batch_size": 25, "eval_batch_size": 25, "embed_size": 300, "proj_size": 300, "hidden_size": 150, "lr": 0.0002, "min_lr": 1e-05, "lr_decay": 0.5, "threshold": 0.0001, "cooldown": 5, "patience": 5, "weight_decay": 1e-05, "max_grad_norm": 5.0, "model": "latent", "dist": "", "print_every": 100, "eval_every": -1, "save_every": -1, "dropout": 0.5, "layer": "lstm", "fix_emb": true, "dependent_z": false, "sparsity": 0.0, "coherence": 0.0, "selection": 0.3, "lasso": 0.0, "lagrange_lr": 0.01, "lagrange_alpha": 0.99, "lambda_init": 0.0001, "word_vectors": "data/sst/glove.840B.300d.sst.txt", "best_iter": 7502, "dev_loss": 1.2554052470479056, "dev_ce": 1.2566473573353656, "dev_cost0_l0": 0.27917618408002365, "dev_target0": 0.29999999999972754, "dev_c0_hat": -0.020823827840632823, "dev_c0": -0.006960280629530061, "dev_lambda0": 0.1785103544848386, "dev_lagrangian0": -0.0037119261097580953, "dev_a": 0.5837353993469215, "dev_b": 2.069460593710223, "dev_acc": 0.4604904632148406, "dev_p0": 0.7487073422957249, "dev_pc": 0.04775782645482524, "dev_p1": 0.20353483124940286, "dev_selected": 0.2512926577042751, "test_loss": 1.2271383339997173, "test_ce": 1.2292054140454336, "test_cost0_l0": 0.2762841143353321, "test_target0": 0.29999999999986426, "test_c0_hat": -0.0237158975854611, "test_c0": -0.011663118614104032, "test_lambda0": 0.1774286324351358, "test_lagrangian0": -0.004190650314240342, "test_a": 0.5884465757265923, "test_b": 2.0790579785579233, "test_acc": 0.4733031674206003, "test_p0": 0.7509963447706461, "test_pc": 0.046527532130643874, "test_p1": 0.20247612309868643, "test_selected": 0.24900365522935386}