{"save_path": "results/sst/bernoulli_sparsity01505", "resume_snapshot": "", "num_iterations": -25, "batch_size": 25, "eval_batch_size": 25, "embed_size": 300, "proj_size": 300, "hidden_size": 150, "lr": 0.0002, "min_lr": 1e-05, "lr_decay": 0.5, "threshold": 0.0001, "cooldown": 5, "patience": 5, "weight_decay": 1e-05, "max_grad_norm": 5.0, "model": "rl", "dist": "", "print_every": 100, "eval_every": -1, "save_every": -1, "dropout": 0.5, "layer": "lstm", "fix_emb": true, "dependent_z": false, "sparsity": 0.01505, "coherence": 0.0, "selection": 1.0, "lasso": 0.0, "lagrange_lr": 0.01, "lagrange_alpha": 0.99, "lambda_init": 0.0001, "word_vectors": "data/sst/glove.840B.300d.sst.txt", "best_iter": 6138, "dev_loss": -5.0645994076782435, "dev_ce": 1.3352752147089881, "dev_zsum_cost": 0.06662461255331792, "dev_zdiff_cost": 0.0, "dev_sparsity_cost": 0.06662461255331792, "dev_obj": 1.4018998244573417, "dev_cost_g": -6.3998746170276855, "dev_cost_e": 1.3352752147089881, "dev_acc": 0.4114441416889996, "dev_p0": 0.7708940490739508, "dev_pc": 0.0, "dev_p1": 0.2291059509260022, "dev_selected": 0.22910595092604924, "test_loss": -4.738208649382885, "test_ce": 1.2817956443819658, "test_zsum_cost": 0.06681927497499882, "test_zdiff_cost": 0.0, "test_sparsity_cost": 0.06681927497499882, "test_obj": 1.3486149343424085, "test_cost_g": -6.020004338266057, "test_cost_e": 1.2817956443819658, "test_acc": 0.4325791855201663, "test_p0": 0.7686121919584774, "test_pc": 0.0, "test_p1": 0.2313878080414991, "test_selected": 0.2313878080415226}